Brand Name,Product Name,Product Description,Image URL,Price,Size,Ingredients,Barcode,Skin Concern,Age,Series,Source URL
,NIVEA Refreshing Face Wash For Women - 150ml (Pack Of 2),"NIVEA Daily Essentials Refreshing Facial Wash Gel with Vitamin E cleanses and hydrates by supporting the skin's own moisture balance. For skin that feels cleansed, refreshed and invigorated. Suitable for Normal Combination skin.NIVEA Refreshing Face Wash thoroughly yet gently and effectively cleanses your skin while supporting it natural moisture balance. Enriched with lotus flower and Hydra IQ technology, NIVEA Refreshing Face Wash invigorates the skin thanks to its refreshing and nourishing mild formula, leaving it looking healthy and beautiful. NIVEA understands skin like no one else. That’s why we create products that cleanse, nourish and protect your skin, while giving it exactly what it needs – gentle yet effective care that keeps your skin smooth, supple and radiantly beautiful. No matter what you do, or where you live, we’re here to help you enjoy better skincare for life. NIVEA, a hundred years of skincare for life!  Place your order for this amazing product from Jumia Kenya and have it delivered to your doorstep at an amazing priceSkin compatibility dermatologically approved.Cleanses deeply and respects the skin's own moisture balanceInvigorates the skin thanks to its refreshing formulaThe formula with Vitamin E is mild to the skinQuality Ingredients: invigorates the skin due to its mild and refreshing Lotus Flower and Vitamin E filled formula INGREDIENTS Included: Water, Cocamidopropyl Betaine, Sodium Myreth Sulfate, Sodium Acrylates Copolymer, Glycerin, Glyceryl Glucoside, Tocopheryl Acetate, Nelumbium Speciosum Flower Extract, Panthenol, Lauryl Glucoside, Sodium Chloride, PEG-40 Hydrogenated Castor Oil, PEG-200 Hydrogenated Glyceryl Palmate, Polyquaternium-10, Benzophenone-4, Propylene Glycol, Phenoxyethanol, Methylparaben, Ethylparaben, Butylphenyl Methylpropional, Geraniol, Alpha-Isomethyl Ionone, Parfum, CI 42090, CI 16035",,,,,,,,,https://www.jumia.co.ke/nivea-refreshing-face-wash-for-women-150ml-pack-of-2-68528000.html
,Garnier Day & Night Routine Pack: Even & Matte Vitamin C Booster Serum 30ml + Even & Bright Night Booster Serum 30ml,"Achieve brighter, even skin with the Day & Night Routine Kit. Day: Vitamin C Booster Serum for instant glow & dark spot reduction. Night: Vitamin C Night Serum to reduce marks 2x faster. Use daily. HOW TO USEDay Routine:1. Cleanse with Garnier Even and Matte Gentle Clarifying Foam and pat dry. 2. Apply a pea sized amount of the Day Booster Serum evenly on your face and neck. 3. Allow serum to absorb fully before applying other skincare or makeup products.4. Follow up with the Garnier Even and Matte Vitamin C Protection Cream SPF30. For best results, use daily. For Night Routine:1. Cleanse with Garnier Even and Matte Gentle Clarifying Foam and pat dry. 2. Apply a pea sized amount of the Night Booster Serum evenly on your face and neck. 3. Allow serum to absorb fully before applying other skincare or makeup products.4. Follow up with moisturizer. For best results, use daily.",,,,,,,,,https://www.jumia.co.ke/garnier-day-night-routine-pack-even-matte-vitamin-c-booster-serum-30ml-even-bright-night-booster-serum-30ml-185382915.html
,Simple Simple Kind To Skin Replenishing Rich Moisturiser,"Simple Kind to Skin Replenishing Rich Moisturiser instantly doubles your skin's hydration. It works for up to 24 hours, leaving your skin feeling silky and nourished all day. 
                            
Carefully blended with skin-loving 
ingredients, this Simple Rich Moisturiser has a formula enriched with 
Pro-Vitamin B5 and Bisabolol, so it can replenish, soothe, and hydrate 
your skin without the greasy feeling.
Our Simple Replenishing Rich Moisturiser 
contains no colour, no artificial perfumes, or harsh chemicals that can 
upset your skin, making it perfect even for sensitive skin.
We believe in continuously working to be 
kinder to the planet, so our Kind to Skin Replenishing Rich Moisturiser 
is vegan and Simple is certified cruelty-free by PETA, we don’t test on 
animals anywhere in the world! This rich moisturiser is also made with a
 100% post-consumer recycled (PCR) plastic bottle that is 100% 
recyclable with its lid!
Dermatologically tested and approved. Ophtalmologically tested. Hypoallergenic, non-comedogenic.",,,,,,,,,https://www.jumia.co.ke/simple-simple-kind-to-skin-replenishing-rich-moisturiser-4005954.html
,NIVEA UV Face Shine Control Cream SPF 50 - 50ml,"NIVEA SUN UV Face Shine Control Cream provides highly effective and immediate UVA/UVB protection against sunburn and premature skin aging.NIVEA SUN UV Face Shine Control SPF 50 is especially developed for delicate facial skin. Formula with Ultra Spectrum Proection provides immediate protection against UVA & UVB induced skin damage as well as from High Energy Visible Lights effects such as premature skin aging.The light and non-greasy formula provides an instant and long-lasting mattifying effect. Developed for normal/combination skin types. Ideal for everyday use, the formula is ophthalmologically approved (aka eye friendly) and skin compatibility is dermatologically approved. NIVEA SUN aims to minimize the impact on the environment. The Ocean Respect formula is free of UV filters Octinoxate, Oxybenzone & Octocrylene.The box is made from FSC Mix Certified cardboard. UV Face is available for normal/combination, normal/dry, sensitive, and normal skin types. Product Highlight Provides protection against sunburn and premature skin aging. SPF 50Instant and long-lasting mattifying effect.Non-greasy, non-sticky formula and leaves a light feeling on your skin.Anti-ShineINGREDIENTS  Aqua, Homosalate, Butyl Methoxydibenzoylmethane, Ethylhexyl Salicylate, Ethylhexyl Triazone, Butylene Glycol Dicaprylate/Dicaprate, Alcohol Denat., Bis-Ethylhexyloxyphenol Methoxyphenyl Triazine, Phenylbenzimidazole Sulfonic Acid, Silica, Cyclomethicone, Tapioca Starch, Behenyl Alcohol, Cetearyl Alcohol, Methylpropanediol, Glycerin, Glycyrrhiza Inflata Root Extract, Tocopheryl Acetate, Sodium Stearoyl Glutamate, Isomethyl Ionone, Geraniol, Citronellol, Coumarin, Parfum",,,,,,,,,https://www.jumia.co.ke/nivea-uv-face-shine-control-cream-spf-50-50ml-67957548.html
,Cosrx [Made In Korea] Salicylic Acid Daily Gentle Cleanser Mini,"COSRX Salicylic Acid Daily Gentle Cleanser is a foam cleanser for oily skin, containing botanical purifying ingredients and salicylic acid to take care of excess dead skin cells and sebum.How to Use:Take an appropriate amount and lather it up in your palm by adding warm water.Massage your face gently with the foam in a circular motion.Rinse with lukewarm water.",,,,,,,,,https://www.jumia.co.ke/cosrx-made-in-korea-salicylic-acid-daily-gentle-cleanser-mini-65157202.html
,L'Oreal Glycolic Bright - Serum + Day Cream Routine Kit,"SerumAre dark spots and uneven skin tone putting you down? It’s time to include the all-new L’Oréal Paris Glycolic Bright Skin Brightening Serum into your regular skincare routine. Formulated with glycolic acid, this brightening serum for dark spots penetrates deep into the skin, stimulates cell renewal, and evens out the layer of skin where melanin starts to build up. This glycolic acid serum for uneven skin tone is clinically proven to remove up to five years of dark spots in just a few weeks. What does our glycolic acid serum do?Dark spots result from prolonged UV exposure, hormonal changes, and a slower-than-normal skin renewal process. As you age, the skin’s natural ability to regenerate cells reduces, leading to an increase in melanin production. Melanin is the pigment that gives your skin its color and when the excess pigment is deposited deep within the skin, it leads to dark spots, uneven skin, and hyperpigmentation. The glycolic acid serum for hyperpigmentation helps to even out the basal layer of the skin where melanin starts to build up. This highly effective face-brightening serum helps to improve three dimensions of even-toned skin and removes dark spots in just a few weeks. It is great for daily use, dermatologically tested, and suitable for all skin types. So, make the skin brightening serum a part of your regular skincare routine and flaunt glowing skin effortlessly. What makes our Glycolic acid serum formula effective?Glycolic acid makes the primary ingredient of L’Oréal Paris skin-brightening serum. Glycolic acid is a water-soluble Alpha Hydroxy Acid (AHA) from sugarcane and is the smallest AHA that can penetrate to the deepest layers of the skin, even to the basal layer of the epidermis where melanin build-up occurs. It is here, glycolic acid shows its potency to accelerate skin renewal tasks and extract melanin build-up cell by cell. L’Oréal Paris Glycolic Bright Serum contains 1% Glycolic acid and can effectively boost skin renewal and remove melanin build-up to let you achieve spot-free and radiant skin and flaunt even-toned skin.What are the visible results of using Glycolic acid serum?L’Oréal Paris Glycolic acid serum is clinically proven to remove up to five years of dark spots in just a few weeks.  Day CreamThe L’Oréal Paris Glycolic Bright Instant Glowing Day Cream with SPF25 is scientifically proven to increase skin’s protective shield against harmful UV rays whilst also visibly reducing dark spots and brightening skin. The Glycolic Bright Day Cream is formulated with brightening Glycolic Acid, a gentle chemical exfoliant used by dermatologists to penetrate deep into the pores, removing damaged skin and excess oil whilst promoting a brightened and renewed complexion. The formula effectively corrects the appearance of dullness and visibly reduces dark spots, for visibly even, glowing skin. Formulated with SPF 15 for UV Protection, save your skin from sun damage with the Glycolic Bright Day Cream. UVA/UVB filters in the SPF 15 broad spectrum sunscreen fight against the rays responsible for premature skin ageing. Visible ResultsImmediately: Skin is intensely hydrated and visibly glowing.Day after day: Dark spots are visibly reduced and skin appears even and brighter.",,,,,,,,,https://www.jumia.co.ke/loreal-glycolic-bright-serum-day-cream-routine-kit-168408054.html
,"SADOER 3 in 1, Salicylic Acid Acne Treatment Essence + Niacinamide Brightening Serum + Vitamin C Brightening Essence","Sadoer Vitamin C Serum is a powerful antioxidant that works to stimulate collagen production in your skin. It also fights fine lines, brightens your complexion, and provides a host of other benefits. Skincare experts also tout it as one of the best anti-aging ingredients you could ever use.Sadoer Salicylic Acid Acne Treatment Essence and Blackheads remover. This serum helps control Skin oil and eliminates all acnes and blackheads. The Product clears the skin, moisturize and maintain Youthful SkinNiacinamide is a multipurpose skin Care ingridients. It helps build keratin, a protein that maintains skin health. It’s also been shown to make your skin stronger, smoother and brighter.“Niacinamide is used to treat acne and can help nourish and protect your skin,Oil ControlSkin BrighteningWhiten Dark SpotsMoisturizeAcne Treatment",,,,,,,,,https://www.jumia.co.ke/3-in-1-salicylic-acid-acne-treatment-essence-niacinamide-brightening-serum-vitamin-c-brightening-essence-sadoer-mpg7622149.html
,Anua HEARTLEAF QUERCETINOL PORE DEEP CLEANSING FOAM,"A cleansing foam formulated with Heartleaf extract, designed to provide deep pore cleansing and gently exfoliate dead skin cells.Thoroughly cleanse makeup residues with a cleansing oil. Dispense an adequate amount of the cleanser into hands. Add a small amount of water and rub to create a sufficient foam. Gently massage onto face in circular motions, then rinse off thoroughly with water.",,,,,,,,,https://www.jumia.co.ke/anua-heartleaf-quercetinol-pore-deep-cleansing-foam-306368416.html
,UNCOVER On The Go Kit,"Compact, 3 step on-the-go kit powered by skin loving ingredients to give you the convenience of glowing, healthy skin anytime, anywhereStep 1: Cleanse – Green Tea Revitalising CleanserDeeply cleanses the skin and unclogs pores removing any additional impurities and excess oil without stripping moisture. Powered by soothing and antioxidant properties, this cleanser minimises the appearance of pores and reduces inflammation for a clearer complexion.Directions:Use an adequate amount on dampened skin whenever and wherever suits you then rinse thoroughly with lukewarm water.Step 2 :Moisturise- Argan Hydrating MoisturiserLightweight, non-pore clogging and, hydrating moisturiser. Powered by active ingredients, brightening properties and antioxidant benefits to protect the skin barrier while brightening and nourishing dull skin.Directions:Use generously twice daily after cleansing. Follow with Uncover’s SPF 50+ Aloe Invisible Sunscreen in the AM for best results.Step 3: Protect – Aloe Invisible SunscreenSPF 50+ sunscreen infused with Hyaluronic Acid and African Aloe Vera Benefits: Protects skin from harmful UVA & UVB rays, prevents sun damage, premature skin ageing and dark spots, while keeping skin hydrated, moisturised, and cool. No white cast and lightweight perfect for daily use.Directions:Apply generously all over your face and neck 15 minutes before sun exposure. Compact enough to carry everywhere so you can reapply every 2 hours.",,,,,,,,,https://www.jumia.co.ke/uncover-on-the-go-kit-166721707.html
,Simple Kind To Skin Moisturising Face Wash,"Meet Simple Kind to Skin Moisturising Facial Wash. Supercharged with a NEW, vitamin-rich formula – this is the same gentle care you know and love from Simple – made even more effective for stronger, healthy-looking and smooth skin.What’s new? With 2X pro vitamin B5, together with vitamin E, this deep cleansing, foaming gel-cream helps skin become more resilient against damage with every wash. Its Pro Amino Acid Technology boosts the levels of strengthening amino acids naturally present in skin, for a hydrated and healthy skin barrier against drying elements like pollution.But it doesn’t stop there. This skin cleanser is also proven to boost skin moisture by 40% in just one week. You’ll love the non-stripping, pH-neutral lather which leaves skin gratifyingly clean and satisfyingly moisturised. And you can count on this facial wash to remove every last trace of make-up, dirt and grime – minus that tight, dry skin feeling.100% soap free and packed with ultra-nourishing ingredients, this daily cleanser is suitable for all skin types and is super gentle – even on sensitive skin. Like all Simple products, our Moisturising Facial Wash is dermatologically tested, non-comedogenic, contains no harsh chemicals and is free from alcohol, mineral oils, artificial colours and perfumeWhat’s more, this Simple face wash is PETA approved and vegan, with planet-friendly packaging that’s made with 25% less plastic vs our previous tube.",,,,,,,,,https://www.jumia.co.ke/kind-to-skin-moisturising-face-wash-simple-mpg132262.html
